Built,n,prop
3.5.0,284,0.9895470383275261
3.5.1,1,0.003484320557491289
3.5.2,2,0.006968641114982578
